date,market,index_close,previous_day,expiry,atm,shifts,sniper,plan,trades,pnl_points,pnl_rupees,qty,status,last_update,note
2026-09-28,NIFTY,23140.5,2026-09-25,2026-09-29,23200,1,54.0,yes,1,58.75,19094,325,stopped early,2026-09-29 09:24,Bot stopped after 10:45 (window closed or laptop asleep) - second half not watched. Restarted at 09:23 and 09:49 for rule changes; the entry was found on the 09:49 catch-up.
2026-09-29,NIFTY,22780.25,2026-09-28,2026-09-29,22800,0,39.58,yes,2,29.0,9425,325,finished,2026-09-29 15:00,
2026-09-29,SENSEX,72771.72,2026-09-28,2026-10-01,72800,2,295.7,yes,2,29.0,8700,300,finished,2026-09-29 15:00,
2026-09-30,NIFTY,22716.2,2026-09-29,2026-10-06,22800,1,109.75,yes,1,-21.0,-6825,325,finished,2026-09-30 15:00,
2026-09-30,SENSEX,72529.07,2026-09-29,2026-10-01,72500,4,173.72,yes,2,29.0,8700,300,finished,2026-09-30 15:00,
2026-10-01,NIFTY,22620.45,2026-09-30,2026-10-06,22600,5,76.03,yes,3,71.0,23075,325,finished,2026-10-01 15:00,
2026-10-01,SENSEX,72480.29,2026-09-30,2026-10-01,72500,1,170.45,yes,2,27.0,8100,300,finished,2026-10-01 15:00,
2026-10-05,NIFTY,22421.95,2026-10-01,2026-10-06,22400,5,66.65,yes,2,-36.0,-11700,325,finished,2026-10-05 15:00,
2026-10-05,SENSEX,71909.7,2026-10-01,2026-10-08,71900,2,435.1,yes,1,0.0,0,300,finished,2026-10-05 15:00,
2026-10-06,NIFTY,22555.75,2026-10-05,2026-10-06,22500,3,45.25,no plan: still failing after 3 shifts,0,0,0,325,no plan,2026-10-06 11:29,
2026-10-06,SENSEX,72382.47,2026-10-05,2026-10-08,72400,1,360.23,yes,1,0.0,0,300,finished,2026-10-06 15:17,
2026-10-07,NIFTY,22776.1,2026-10-06,2026-10-13,22700,5,110.33,yes,3,-20.75,-6744,325,finished,2026-10-07 15:00,
2026-10-07,SENSEX,73067.81,2026-10-06,2026-10-08,73100,2,206.03,yes,1,0.0,0,300,finished,2026-10-07 15:00,
2026-10-08,NIFTY,22603.05,2026-10-07,2026-10-13,22600,0,92.88,yes,0,0,0,325,watching,2026-10-08 11:27,
2026-10-08,SENSEX,72638.7,2026-10-07,2026-10-08,72500,3,192.53,no plan: still failing after 3 shifts,0,0,0,300,no plan,2026-10-08 09:24,
