date,market,half,direction,symbol,qty,entry_time,entry_fill,entry_square,stop_loss,trail_stop,target,exit_time,exit_premium,exit_reason,pnl_points,pnl_rupees,confidence,note
2026-09-28,NIFTY,first,down,NIFTY26SEP23100PE,325,09:30,197.25,196,169,196.0,256,10:40,256.0,TARGET,58.75,19094,,catch-up
2026-09-29,NIFTY,first,down,NIFTY26SEP22700PE,325,09:30,100.0,100,81,81.0,144,09:35,144,TARGET,44.0,14300,HIGH (ATM below Sniper),catch-up
2026-09-29,NIFTY,second,down,NIFTY26SEP22700PE,325,12:30,64.0,64,49,49.0,100,12:40,49.0,STOPLOSS,-15.0,-4875,HIGH (ATM below Sniper),
2026-09-29,SENSEX,first,down,SENSEX26O0172500PE,300,09:40,576.0,576,529,529.0,676,09:40,529,STOPLOSS,-47.0,-14100,HIGH (ATM below Sniper),catch-up
2026-09-29,SENSEX,second,down,SENSEX26O0172500PE,300,12:20,324.0,324,289,324.0,400,12:30,400,TARGET,76.0,22800,normal,catch-up
2026-09-30,NIFTY,second,down,NIFTY26O0622700PE,325,12:15,121.0,121,100,100.0,169,12:20,100.0,STOPLOSS,-21.0,-6825,normal,
2026-09-30,SENSEX,first,up,SENSEX26O0173000CE,300,10:20,256.0,256,225,225.0,324,10:30,225.0,STOPLOSS,-31.0,-9300,HIGH (ATM below Sniper),
2026-09-30,SENSEX,second,up,SENSEX26O0173000CE,300,12:10,196.0,196,169,169.0,256,12:20,256,TARGET,60.0,18000,HIGH (ATM below Sniper),
2026-10-01,NIFTY,second,down,NIFTY26O0622500PE,325,12:05,100.0,100,81,100.0,144,12:40,144,TARGET,44.0,14300,normal,catch-up
2026-10-01,NIFTY,second,down,NIFTY26O0622500PE,325,12:45,169.0,169,144,169.0,225,12:50,225,TARGET,56.0,18200,normal,catch-up
2026-10-01,NIFTY,second,down,NIFTY26O0622500PE,325,13:00,225.0,225,196,196.0,289,13:00,196,STOPLOSS,-29.0,-9425,normal,catch-up
2026-10-01,SENSEX,second,down,SENSEX26O0172300PE,300,12:10,196.0,196,169,196.0,256,12:20,256,TARGET,60.0,18000,HIGH (ATM below Sniper),catch-up
2026-10-01,SENSEX,second,down,SENSEX26O0172300PE,300,12:25,289.0,289,256,256.0,361,12:25,256,STOPLOSS,-33.0,-9900,normal,catch-up
2026-10-05,NIFTY,first,up,NIFTY26O0622600CE,325,09:35,100.0,100,81,81.0,144,10:00,81.0,STOPLOSS,-19.0,-6175,HIGH (ATM below Sniper),
2026-10-05,NIFTY,second,up,NIFTY26O0622600CE,325,13:45,81.0,81,64,64.0,121,14:00,64.0,STOPLOSS,-17.0,-5525,HIGH (ATM below Sniper),
2026-10-05,SENSEX,first,up,SENSEX26O0872200CE,300,09:30,676.0,676,625,676.0,784,09:55,676.0,TRAIL_STOP,0.0,0,HIGH (ATM below Sniper),
2026-10-06,SENSEX,first,up,SENSEX26O0872600CE,300,10:40,484.0,484,441,484.0,576,12:10,484.0,TRAIL_STOP,0.0,0,HIGH (ATM below Sniper),catch-up
